                  epoch,         train/box_loss,         train/cls_loss,         train/dfl_loss,   metrics/precision(B),      metrics/recall(B),       metrics/mAP50(B),    metrics/mAP50-95(B),           val/box_loss,           val/cls_loss,           val/dfl_loss,                 lr/pg0,                 lr/pg1,                 lr/pg2
                      1,                 1.0431,                 2.7439,                 1.4538,                0.47453,                0.50583,                0.42941,                0.26831,                 1.0911,                 2.3044,                 1.6314,             0.00041322,             0.00041322,             0.00041322
                      2,                 1.1224,                  1.872,                 1.4695,                0.50918,                0.58262,                0.54257,                0.33702,                 1.1858,                 1.8058,                 1.7249,             0.00082167,             0.00082167,             0.00082167
                      3,                 1.1423,                  1.649,                 1.4438,                0.62005,                0.52372,                0.56766,                0.31992,                 1.3016,                 1.5866,                 1.7218,              0.0012219,              0.0012219,              0.0012219
                      4,                 1.1429,                 1.4983,                 1.4437,                0.62854,                0.60115,                0.63804,                0.40886,                 1.1646,                 1.5288,                   1.67,              0.0012129,              0.0012129,              0.0012129
                      5,                 1.1106,                 1.3871,                 1.4197,                 0.5821,                0.66794,                 0.6259,                0.41695,                 1.1632,                 1.3562,                 1.6517,              0.0012005,              0.0012005,              0.0012005
                      6,                 1.1293,                  1.345,                 1.4293,                0.66064,                0.59403,                0.67212,                0.43683,                 1.1631,                 1.2189,                 1.6201,              0.0011881,              0.0011881,              0.0011881
                      7,                 1.0775,                 1.2437,                 1.4002,                0.69715,                0.63179,                0.69557,                 0.4804,                 1.1183,                 1.1364,                 1.5837,              0.0011757,              0.0011757,              0.0011757
                      8,                 1.0647,                 1.2104,                 1.3786,                0.62286,                0.57892,                 0.6079,                0.40589,                 1.1068,                  1.349,                 1.5619,              0.0011634,              0.0011634,              0.0011634
                      9,                 1.0886,                    1.2,                 1.3953,                0.50267,                0.67325,                0.60839,                0.42204,                 1.1159,                 1.3374,                 1.5611,               0.001151,               0.001151,               0.001151
                     10,                 1.0541,                 1.1406,                 1.3672,                0.73754,                0.65025,                0.72446,                0.50986,                 1.0583,                 1.0204,                 1.4937,              0.0011386,              0.0011386,              0.0011386
                     11,                  1.068,                 1.1308,                 1.3751,                0.74798,                0.66157,                0.72975,                0.50401,                 1.0995,                 1.0865,                 1.5433,              0.0011263,              0.0011263,              0.0011263
                     12,                 1.0429,                 1.0947,                 1.3559,                0.66715,                0.67013,                0.72335,                0.48095,                  1.146,                 1.0958,                 1.6235,              0.0011139,              0.0011139,              0.0011139
                     13,                 1.0206,                  1.059,                 1.3495,                0.66535,                0.67891,                0.72684,                  0.513,                 1.0682,                 1.0643,                 1.5179,              0.0011015,              0.0011015,              0.0011015
                     14,                 1.0185,                 1.0749,                 1.3382,                0.62116,                 0.6522,                0.67528,                 0.4672,                 1.0945,                 1.0697,                  1.546,              0.0010891,              0.0010891,              0.0010891
                     15,                 1.0313,                 1.0534,                   1.36,                0.72162,                0.68887,                0.74852,                0.51806,                 1.1096,                 1.0256,                 1.5367,              0.0010768,              0.0010768,              0.0010768
                     16,                 1.0081,                 1.0112,                 1.3383,                0.66316,                0.76491,                 0.7819,                0.56131,                 1.0172,                0.94256,                 1.4608,              0.0010644,              0.0010644,              0.0010644
                     17,                 1.0014,                 1.0022,                 1.3268,                0.68038,                0.67346,                0.74295,                0.52961,                 1.0549,                 1.0156,                 1.4874,               0.001052,               0.001052,               0.001052
                     18,                0.99913,                0.98551,                 1.3289,                0.57819,                 0.6483,                0.65265,                0.46985,                 1.0251,                 1.1756,                 1.4693,              0.0010396,              0.0010396,              0.0010396
                     19,                0.99841,                0.96883,                 1.3275,                0.76416,                0.68463,                 0.7811,                0.57342,                  1.023,                0.95953,                 1.4578,              0.0010273,              0.0010273,              0.0010273
                     20,                0.99206,                 0.9637,                 1.3208,                0.70436,                0.65622,                0.73671,                0.54093,                 1.0217,                0.97522,                 1.4802,              0.0010149,              0.0010149,              0.0010149
                     21,                 1.0072,                0.95661,                 1.3209,                0.73289,                0.67215,                0.75494,                0.53589,                 1.0295,                0.92397,                 1.4659,              0.0010025,              0.0010025,              0.0010025
                     22,                0.97114,                0.93676,                 1.3087,                0.73621,                0.75477,                0.76936,                0.55689,                 1.0356,                0.90454,                 1.4655,             0.00099013,             0.00099013,             0.00099013
                     23,                0.98281,                0.93675,                 1.3103,                 0.7091,                0.67978,                 0.7628,                0.54037,                 1.0338,                0.92371,                 1.4627,             0.00097775,             0.00097775,             0.00097775
                     24,                0.96741,                0.92782,                 1.3015,                0.72062,                 0.6772,                 0.7505,                0.54595,                0.99746,                0.96979,                 1.4369,             0.00096537,             0.00096537,             0.00096537
                     25,                 0.9714,                0.93311,                  1.314,                0.77534,                0.66254,                0.75612,                0.53053,                 1.0834,                0.95587,                 1.5336,               0.000953,               0.000953,               0.000953
                     26,                 0.9579,                0.90439,                 1.2897,                0.71544,                0.71103,                0.76349,                0.55707,                 1.0077,                0.91533,                 1.4449,             0.00094062,             0.00094062,             0.00094062
                     27,                0.95407,                0.88873,                 1.2954,                0.72369,                0.73066,                0.77685,                0.55915,                 1.0163,                0.95307,                 1.4538,             0.00092825,             0.00092825,             0.00092825
                     28,                0.94234,                 0.8766,                 1.2855,                0.72858,                0.72128,                0.77412,                0.55349,                 1.0195,                0.94602,                 1.4425,             0.00091588,             0.00091588,             0.00091588
                     29,                0.94796,                0.88809,                 1.2847,                0.78193,                0.68013,                0.78717,                0.56783,                 1.0158,                0.86466,                 1.4556,              0.0009035,              0.0009035,              0.0009035
                     30,                0.93718,                0.84816,                 1.2816,                0.76554,                0.74182,                0.77974,                0.55679,                0.99962,                0.87778,                 1.4512,             0.00089112,             0.00089112,             0.00089112
                     31,                0.93961,                0.86374,                 1.2815,                0.73763,                0.70159,                0.77787,                0.57222,                0.99255,                0.90025,                 1.4279,             0.00087875,             0.00087875,             0.00087875
                     32,                0.92859,                 0.8456,                 1.2762,                0.75347,                 0.7515,                0.79177,                0.57456,                0.99596,                0.84787,                 1.4393,             0.00086637,             0.00086637,             0.00086637
                     33,                0.94491,                 0.8396,                 1.2861,                0.73405,                0.74968,                0.78429,                0.56524,                0.99571,                0.82064,                  1.434,               0.000854,               0.000854,               0.000854
                     34,                0.92466,                0.83323,                  1.274,                0.69126,                0.76596,                0.78138,                0.55152,                 1.0301,                0.87902,                 1.4576,             0.00084162,             0.00084162,             0.00084162
                     35,                0.92049,                0.83242,                 1.2653,                0.73586,                0.78542,                0.80247,                0.57774,                 1.0104,                0.82927,                 1.4523,             0.00082925,             0.00082925,             0.00082925
                     36,                0.93867,                 0.8197,                 1.2776,                 0.7584,                0.76987,                0.79648,                0.57475,                 1.0058,                0.84818,                 1.4438,             0.00081688,             0.00081688,             0.00081688
                     37,                0.91832,                0.81566,                 1.2627,                0.77667,                0.72413,                 0.8028,                0.58438,                0.98874,                0.84216,                 1.4261,              0.0008045,              0.0008045,              0.0008045
                     38,                0.90291,                0.80487,                  1.255,                0.68785,                0.73302,                0.78014,                0.55931,                 1.0025,                0.92828,                 1.4449,             0.00079213,             0.00079213,             0.00079213
                     39,                0.90051,                0.80634,                 1.2575,                0.74971,                0.73458,                0.78262,                0.56808,                0.98791,                0.86936,                 1.4229,             0.00077975,             0.00077975,             0.00077975
                     40,                0.90382,                0.78637,                 1.2538,                  0.727,                0.77273,                0.79232,                0.57268,                 1.0042,                 0.8655,                 1.4456,             0.00076738,             0.00076738,             0.00076738
                     41,                0.90093,                0.78984,                 1.2617,                0.80313,                0.73228,                0.80337,                0.57792,                 1.0004,                0.79654,                 1.4447,               0.000755,               0.000755,               0.000755
                     42,                0.89317,                 0.7643,                 1.2514,                0.78964,                0.70509,                0.79087,                0.56941,                 1.0344,                0.85854,                 1.4688,             0.00074263,             0.00074263,             0.00074263
                     43,                0.89119,                0.76783,                 1.2557,                0.69185,                0.75384,                0.79057,                0.57461,                 1.0092,                0.83704,                 1.4433,             0.00073025,             0.00073025,             0.00073025
                     44,                0.88914,                0.75744,                 1.2436,                0.71533,                0.69509,                0.78013,                0.57636,                0.98584,                0.88045,                 1.4223,             0.00071788,             0.00071788,             0.00071788
                     45,                0.88664,                0.75349,                 1.2487,                0.78494,                0.76583,                0.81782,                 0.5902,                 1.0028,                0.81323,                 1.4356,              0.0007055,              0.0007055,              0.0007055
                     46,                0.88481,                0.74807,                 1.2498,                0.69762,                0.74109,                0.78603,                0.57106,                 1.0078,                0.88553,                 1.4436,             0.00069313,             0.00069313,             0.00069313
                     47,                0.87702,                0.72924,                 1.2433,                0.72819,                0.78705,                0.82606,                0.58084,                 0.9993,                0.81825,                 1.4396,             0.00068075,             0.00068075,             0.00068075
                     48,                0.87437,                0.73906,                 1.2395,                0.79809,                0.71505,                0.81703,                0.58566,                 1.0111,                0.82876,                 1.4493,             0.00066838,             0.00066838,             0.00066838
                     49,                0.86466,                0.71614,                 1.2371,                  0.776,                0.76492,                0.80002,                0.57812,                0.97904,                0.78909,                 1.4096,               0.000656,               0.000656,               0.000656
                     50,                 0.8589,                0.71836,                 1.2292,                0.74852,                0.77171,                0.80043,                0.58887,                0.98993,                0.81777,                 1.4331,             0.00064362,             0.00064362,             0.00064362
                     51,                0.86077,                0.71109,                 1.2266,                0.77629,                0.76116,                0.82229,                0.59092,                  1.002,                 0.7853,                 1.4461,             0.00063125,             0.00063125,             0.00063125
                     52,                0.85931,                0.70835,                  1.227,                0.81407,                0.71881,                0.81082,                0.59696,                0.98478,                0.79498,                 1.4261,             0.00061887,             0.00061887,             0.00061887
                     53,                0.85988,                0.70401,                 1.2349,                0.68128,                0.75989,                0.78982,                0.57654,                  1.004,                0.85347,                 1.4437,              0.0006065,              0.0006065,              0.0006065
                     54,                0.85028,                0.68672,                 1.2271,                 0.7872,                0.75405,                0.81609,                  0.599,                0.97648,                0.78205,                 1.4336,             0.00059413,             0.00059413,             0.00059413
                     55,                0.83885,                0.68147,                 1.2236,                0.76782,                0.70721,                0.79683,                0.58028,                  1.001,                0.82547,                 1.4509,             0.00058175,             0.00058175,             0.00058175
                     56,                0.84444,                0.67773,                 1.2153,                0.78993,                0.74012,                0.80716,                0.58545,                0.99593,                0.87706,                 1.4458,             0.00056938,             0.00056938,             0.00056938
                     57,                0.83131,                0.67862,                 1.2174,                0.82921,                0.68611,                0.81288,                0.58718,                 0.9836,                0.80325,                 1.4309,               0.000557,               0.000557,               0.000557
                     58,                0.84552,                0.67453,                 1.2216,                0.68539,                0.76318,                0.80321,                0.58542,                 1.0022,                 0.8351,                 1.4421,             0.00054463,             0.00054463,             0.00054463
                     59,                0.82637,                0.64441,                 1.2001,                0.79802,                0.78399,                0.82123,                0.59745,                0.99402,                0.78688,                 1.4389,             0.00053225,             0.00053225,             0.00053225
                     60,                0.81528,                0.65123,                 1.1981,                0.77129,                0.79003,                0.83415,                0.59678,                 1.0043,                0.76334,                 1.4468,             0.00051988,             0.00051988,             0.00051988
                     61,                0.83294,                 0.6532,                 1.2109,                0.73942,                0.77802,                0.81029,                0.58074,                0.99537,                0.83523,                  1.442,              0.0005075,              0.0005075,              0.0005075
                     62,                0.83051,                0.65892,                  1.212,                0.78521,                 0.6993,                0.80246,                0.58446,                 1.0219,                0.88804,                 1.4595,             0.00049513,             0.00049513,             0.00049513
                     63,                 0.8164,                0.64554,                 1.2113,                0.81694,                0.73554,                0.81699,                0.59474,                0.99149,                0.78441,                 1.4358,             0.00048275,             0.00048275,             0.00048275
                     64,                 0.8238,                0.64534,                 1.2122,                 0.7411,                0.78266,                0.81707,                 0.5925,                 1.0225,                0.80375,                 1.4648,             0.00047038,             0.00047038,             0.00047038
                     65,                0.81414,                0.62169,                 1.1981,                0.79183,                0.76954,                0.83463,                   0.61,                0.99292,                0.76204,                 1.4336,               0.000458,               0.000458,               0.000458
                     66,                0.80287,                0.61229,                 1.1853,                0.75418,                0.74562,                0.81999,                0.61452,                0.99255,                0.83694,                 1.4464,             0.00044563,             0.00044563,             0.00044563
                     67,                 0.8012,                0.61028,                 1.1888,                0.78594,                0.80808,                0.84014,                0.61801,                0.99625,                0.76699,                 1.4448,             0.00043325,             0.00043325,             0.00043325
                     68,                 0.7947,                0.60756,                 1.1878,                0.78903,                0.73432,                0.82245,                0.59697,                 1.0184,                0.80288,                 1.4655,             0.00042087,             0.00042087,             0.00042087
                     69,                0.78512,                0.60432,                 1.1872,                0.80248,                0.77416,                 0.8344,                0.60366,                 1.0154,                0.76713,                 1.4709,              0.0004085,              0.0004085,              0.0004085
                     70,                 0.7906,                0.59542,                 1.1873,                0.82082,                0.74885,                0.83379,                0.60809,                 1.0099,                0.77246,                 1.4531,             0.00039613,             0.00039613,             0.00039613
                     71,                 0.7742,                0.58767,                 1.1829,                0.78773,                0.77719,                0.83135,                0.61056,                 1.0013,                0.78553,                 1.4501,             0.00038375,             0.00038375,             0.00038375
                     72,                0.78018,                0.59215,                 1.1746,                0.78385,                0.77112,                0.81362,                0.59432,                0.98084,                0.80533,                 1.4289,             0.00037138,             0.00037138,             0.00037138
                     73,                0.77878,                 0.5611,                 1.1742,                0.82501,                0.73172,                0.81756,                0.60272,                 1.0103,                0.80337,                 1.4518,               0.000359,               0.000359,               0.000359
                     74,                0.76782,                0.58293,                 1.1687,                 0.7966,                0.75656,                0.81997,                0.60388,                 1.0044,                0.79472,                 1.4531,             0.00034663,             0.00034663,             0.00034663
                     75,                0.75615,                0.56961,                 1.1634,                0.81149,                0.74618,                0.82657,                0.60493,                  1.001,                0.78463,                 1.4546,             0.00033425,             0.00033425,             0.00033425
                     76,                0.76321,                0.56539,                 1.1704,                0.74218,                 0.7756,                0.81608,                0.59297,                 1.0157,                0.82228,                  1.475,             0.00032188,             0.00032188,             0.00032188
                     77,                0.75187,                0.56177,                 1.1595,                0.78423,                 0.7796,                0.82241,                0.60108,                 1.0139,                0.80098,                 1.4672,              0.0003095,              0.0003095,              0.0003095
                     78,                0.75847,                0.55193,                 1.1571,                0.74581,                0.77721,                0.82224,                0.60344,                0.99627,                 0.7951,                 1.4621,             0.00029713,             0.00029713,             0.00029713
                     79,                0.74506,                 0.5484,                 1.1498,                0.81307,                0.72565,                0.81232,                0.59337,                0.99038,                0.80859,                 1.4566,             0.00028475,             0.00028475,             0.00028475
                     80,                0.74675,                0.54169,                 1.1662,                 0.7875,                0.76866,                 0.8179,                0.60153,                0.98986,                0.78856,                 1.4381,             0.00027237,             0.00027237,             0.00027237
                     81,                0.74959,                0.55553,                 1.1594,                0.77675,                0.78143,                0.81746,                0.59257,                 1.0067,                0.79359,                 1.4634,                0.00026,                0.00026,                0.00026
                     82,                0.73489,                0.54515,                 1.1563,                0.80221,                0.76332,                0.81792,                0.60679,                0.99543,                0.81084,                 1.4541,             0.00024762,             0.00024762,             0.00024762
                     83,                0.73042,                0.52912,                 1.1464,                0.81706,                0.73956,                0.81902,                0.59317,                 1.0127,                0.81862,                 1.4705,             0.00023525,             0.00023525,             0.00023525
                     84,                0.73405,                0.52823,                 1.1525,                0.78503,                0.78413,                0.81567,                0.60094,                0.99885,                0.78793,                 1.4724,             0.00022288,             0.00022288,             0.00022288
                     85,                0.72138,                 0.5222,                 1.1465,                0.79899,                 0.7439,                0.82037,                0.60507,                  1.013,                0.82233,                 1.4873,              0.0002105,              0.0002105,              0.0002105
                     86,                 0.7319,                0.53167,                  1.156,                0.79559,                0.74594,                0.81479,                0.59894,                 1.0131,                0.81156,                 1.4714,             0.00019813,             0.00019813,             0.00019813
                     87,                0.72897,                 0.5106,                 1.1436,                0.81245,                0.75298,                0.82422,                0.59903,                 1.0219,                 0.8139,                 1.4815,             0.00018575,             0.00018575,             0.00018575
                     88,                0.71395,                0.50625,                 1.1367,                 0.8096,                0.75855,                0.82227,                0.59456,                 1.0298,                0.81831,                 1.4873,             0.00017338,             0.00017338,             0.00017338
                     89,                0.70359,                0.50533,                 1.1306,                 0.7799,                0.77294,                0.81928,                0.59931,                 1.0192,                0.82161,                 1.4887,               0.000161,               0.000161,               0.000161
                     90,                0.70571,                 0.5087,                 1.1273,                0.79481,                 0.7632,                0.81384,                0.59845,                 1.0083,                0.82141,                  1.482,             0.00014862,             0.00014862,             0.00014862
                     91,                0.64415,                0.42139,                  1.152,                0.76981,                0.75584,                0.80526,                0.58595,                 1.0088,                0.84496,                 1.5144,             0.00013625,             0.00013625,             0.00013625
                     92,                0.61269,                 0.3543,                 1.1265,                0.80498,                0.76803,                0.80956,                0.58508,                 1.0229,                0.80217,                  1.517,             0.00012387,             0.00012387,             0.00012387
                     93,                0.59101,                0.34228,                 1.1066,                0.78299,                0.76979,                0.80215,                0.59028,                 1.0144,                0.83838,                 1.4953,              0.0001115,              0.0001115,              0.0001115
                     94,                  0.595,                0.34744,                 1.1084,                 0.8075,                0.72665,                0.80639,                0.58814,                 1.0246,                0.83749,                 1.5117,             9.9125e-05,             9.9125e-05,             9.9125e-05
                     95,                0.57311,                0.32728,                 1.1033,                0.79204,                0.75253,                0.81373,                0.59271,                 1.0211,                0.84442,                 1.5081,              8.675e-05,              8.675e-05,              8.675e-05
                     96,                 0.5733,                0.33338,                 1.0935,                0.81333,                0.74872,                0.81674,                0.58695,                  1.038,                 0.8335,                 1.5331,             7.4375e-05,             7.4375e-05,             7.4375e-05
                     97,                0.57361,                0.32254,                 1.0926,                0.81095,                0.75216,                0.81939,                0.59924,                 1.0217,                0.82679,                 1.5176,                6.2e-05,                6.2e-05,                6.2e-05
                     98,                 0.5639,                0.31977,                 1.0879,                0.80278,                0.75037,                0.81411,                0.58914,                 1.0393,                0.82788,                 1.5419,             4.9625e-05,             4.9625e-05,             4.9625e-05
                     99,                0.56509,                0.31752,                 1.0888,                0.80797,                0.75845,                0.81462,                0.59456,                   1.03,                0.83191,                  1.534,              3.725e-05,              3.725e-05,              3.725e-05
                    100,                0.56776,                0.31874,                 1.0869,                0.76195,                0.80332,                0.81698,                0.59981,                 1.0279,                0.82246,                 1.5307,             2.4875e-05,             2.4875e-05,             2.4875e-05
